<?xml version="1.0" encoding="UTF-8" standalone="yes"?>
<ns2:ExportManifest xmlns:ns2="http://www.pentaho.com/schema/">
    <ExportManifestInformation exportDate="17-07-2020 08:13:23 CST" exportBy="admin" rootFolder="/public/" manifestVersion="2"/>
    <ExportManifestEntity path="Beijing">
        <ExportManifestProperty>
            <EntityMetaData name="Beijing" createdDate="2020-07-13T21:52:03.004+08:00" isFolder="true" path="Beijing" isHidden="false" isSchedulable="true" locale="zh_CN" title="Beijing"/>
        </ExportManifestProperty>
        <ExportManifestProperty>
            <EntityAcl>
                <entriesInheriting>true</entriesInheriting>
                <owner>admin</owner>
                <ownerType>USER</ownerType>
            </EntityAcl>
        </ExportManifestProperty>
    </ExportManifestEntity>
    <ExportManifestEntity path="Beijing/全国销量分析.datafor">
        <ExportManifestProperty>
            <EntityMetaData name="全国销量分析.datafor" createdDate="2020-07-14T09:07:45.456+08:00" isFolder="false" path="Beijing/全国销量分析.datafor" isHidden="false" isSchedulable="true" locale="zh_CN" description="地图主题" title="全国销量分析"/>
        </ExportManifestProperty>
        <ExportManifestProperty>
            <EntityAcl>
                <entriesInheriting>true</entriesInheriting>
                <owner>admin</owner>
                <ownerType>USER</ownerType>
            </EntityAcl>
        </ExportManifestProperty>
    </ExportManifestEntity>
</ns2:ExportManifest>
